{
  "swagger" : "2.0",
  "info" : {
    "description" : "This documentation describes how to use the API for the Parties resource.  The services are RESTful web services.",
    "version" : "2.0.2",
    "title" : "Parties API",
    "contact" : {
      "email" : "mathew_judd2@nfumutual.co.uk"
    },
    "license" : {
      "name" : "Placeholder for licensing",
      "url" : "http://www.apache.org/licenses/LICENSE-2.0.html"
    }
  },
  "host" : "virtserver.swaggerhub.com",
  "basePath" : "/NFU-Mutual/parties/2.0.0",
  "tags" : [ {
    "name" : "customer screening",
    "description" : "Customer Screening services"
  }, {
    "name" : "mdm",
    "description" : "MDM services"
  } ],
  "schemes" : [ "https" ],
  "consumes" : [ "application/json" ],
  "produces" : [ "application/json" ],
  "paths" : {
    "/identities/verify" : {
      "post" : {
        "tags" : [ "customer screening" ],
        "summary" : "verifies the identity of an individual",
        "description" : "Generates a request to verify the identity of an individual based on the information supplied and provide results and a location to a supporting report in response.\n",
        "parameters" : [ {
          "in" : "body",
          "name" : "subject information",
          "description" : "Subject information to verify",
          "required" : false,
          "schema" : {
            "$ref" : "#/definitions/VerificationRequestItem"
          }
        } ],
        "responses" : {
          "201" : {
            "description" : "A new resource has been created",
            "schema" : {
              "$ref" : "#/definitions/IDVerficationResponseItem"
            }
          },
          "400" : {
            "description" : "Indicates that the request by the client was not processed, as the server could not understand what the client is asking for",
            "schema" : {
              "$ref" : "#/definitions/Error"
            }
          },
          "401" : {
            "description" : "Indicates that the client has not provided valid credentials and should re-request with valid credentials",
            "schema" : {
              "$ref" : "#/definitions/Error"
            }
          },
          "500" : {
            "description" : "indicates that the request by the client was not processed, as the API is experiencing a problem"
          }
        }
      }
    },
    "/identities/archive-verification" : {
      "post" : {
        "tags" : [ "customer screening" ],
        "summary" : "archives a verification result into a report document",
        "description" : "Generates a report file for a previous verification result and a location to the supporting report\n",
        "consumes" : [ "application/json" ],
        "produces" : [ "application/json" ],
        "parameters" : [ {
          "in" : "body",
          "name" : "body",
          "description" : "Result information to archive",
          "required" : false,
          "schema" : {
            "$ref" : "#/definitions/ArchiveRequestItem"
          }
        } ],
        "responses" : {
          "202" : {
            "description" : "This status code should be returned whenever the new request is accepted for processing"
          },
          "400" : {
            "description" : "Indicates that the request by the client was not processed, as the server could not understand what the client is asking for",
            "schema" : {
              "$ref" : "#/definitions/Error"
            }
          },
          "401" : {
            "description" : "Indicates that the client has not provided valid credentials and should re-request with valid credentials",
            "schema" : {
              "$ref" : "#/definitions/Error"
            }
          },
          "500" : {
            "description" : "indicates that the request by the client was not processed, as the API is experiencing a problem"
          }
        }
      }
    },
    "/sanctions/check" : {
      "post" : {
        "tags" : [ "customer screening" ],
        "summary" : "checks to determine if the subject matches to any sanctions",
        "description" : "Generates a request to check whether the subject has any sanctions imposed, including checks on whether the subject is a politcally exposed person\n",
        "parameters" : [ {
          "in" : "body",
          "name" : "subject information",
          "description" : "Subject information to verify",
          "required" : false,
          "schema" : {
            "$ref" : "#/definitions/SanctionsCheckRequestItem"
          }
        } ],
        "responses" : {
          "200" : {
            "description" : "The standard HTTP response representing success for GET, PUT or POST",
            "schema" : {
              "$ref" : "#/definitions/SanctionsCheckResponseItem"
            }
          },
          "400" : {
            "description" : "Indicates that the request by the client was not processed, as the server could not understand what the client is asking for",
            "schema" : {
              "$ref" : "#/definitions/Error"
            }
          },
          "401" : {
            "description" : "Indicates that the client has not provided valid credentials and should re-request with valid credentials",
            "schema" : {
              "$ref" : "#/definitions/Error"
            }
          },
          "500" : {
            "description" : "indicates that the request by the client was not processed, as the API is experiencing a problem"
          }
        }
      }
    },
    "/customers/personal/{source-system-id}/{customer-id}" : {
      "get" : {
        "tags" : [ "mdm" ],
        "summary" : "Retrieve all customer details for the given customer ID and source system",
        "produces" : [ "application/json" ],
        "parameters" : [ {
          "name" : "customer-id",
          "in" : "path",
          "description" : "The customer ID as known by the source system",
          "required" : true,
          "type" : "string"
        }, {
          "name" : "source-system-id",
          "in" : "path",
          "description" : "The source system ID as known by the source system",
          "required" : true,
          "type" : "string"
        }, {
          "name" : "scope",
          "in" : "query",
          "description" : "Describes the elements of the customer to be returned.",
          "required" : false,
          "type" : "string",
          "default" : "all",
          "enum" : [ "all", "addresses", "customer", "contact-details", "contact-preferences", "roles", "relationships" ]
        } ],
        "responses" : {
          "200" : {
            "description" : "OK - successful operation",
            "schema" : {
              "$ref" : "#/definitions/CompletePersonalCustomer"
            }
          },
          "401" : {
            "description" : "Unauthorised - Indicates that the client has not provided valid credentials and should re-request with valid credentials",
            "schema" : {
              "$ref" : "#/definitions/Error"
            }
          },
          "403" : {
            "description" : "Forbidden - the client is not authorised to perform the request",
            "schema" : {
              "$ref" : "#/definitions/Error"
            }
          },
          "404" : {
            "description" : "Not Found - the requested resource could not be found",
            "schema" : {
              "$ref" : "#/definitions/Error"
            }
          }
        }
      },
      "put" : {
        "tags" : [ "mdm" ],
        "summary" : "Create or update a customer",
        "description" : "This is an asynchronous operation that can be used to create or replace a customer record in NFUM's MDM system. This requires a full DTO. Personal and business customers details can be set, as well as contact details, roles and relationships.",
        "parameters" : [ {
          "name" : "customer-id",
          "in" : "path",
          "description" : "The customer ID as known by the source system",
          "required" : true,
          "type" : "string"
        }, {
          "name" : "source-system-id",
          "in" : "path",
          "description" : "The source system ID as known by the source system",
          "required" : true,
          "type" : "string"
        }, {
          "in" : "body",
          "name" : "payload",
          "required" : false,
          "schema" : {
            "$ref" : "#/definitions/CompletePersonalCustomer"
          }
        } ],
        "responses" : {
          "202" : {
            "description" : "Accepted - the request has been accepted for asynchronous processing"
          },
          "400" : {
            "description" : "Bad Request - indicates that the request by the client was not processed, as the server could not understand what the client is asking for",
            "schema" : {
              "$ref" : "#/definitions/Error"
            }
          },
          "401" : {
            "description" : "Unauthorised - the client could not be authenticated or did not supply authentiation credentials",
            "schema" : {
              "$ref" : "#/definitions/Error"
            }
          },
          "403" : {
            "description" : "Forbidden - the client is not authorised to perform the request",
            "schema" : {
              "$ref" : "#/definitions/Error"
            }
          }
        }
      },
      "patch" : {
        "tags" : [ "mdm" ],
        "summary" : "Perform a partial update to a customer",
        "description" : "This is an asynchronous operation that can be used to perform a partial update to a customer record in NFUM's MDM system by sending only the properties to be modified. Personal and business customers details can be set, as well as contact details, roles and relationships.",
        "parameters" : [ {
          "name" : "customer-id",
          "in" : "path",
          "description" : "The customer ID as known by the source system",
          "required" : true,
          "type" : "string"
        }, {
          "name" : "source-system-id",
          "in" : "path",
          "description" : "The source system ID as known by the source system",
          "required" : true,
          "type" : "string"
        }, {
          "in" : "body",
          "name" : "payload",
          "required" : false,
          "schema" : {
            "$ref" : "#/definitions/CompletePersonalCustomer"
          }
        } ],
        "responses" : {
          "202" : {
            "description" : "Accepted - the request has been accepted for asynchronous processing"
          },
          "400" : {
            "description" : "Bad Request - indicates that the request by the client was not processed, as the server could not understand what the client is asking for",
            "schema" : {
              "$ref" : "#/definitions/Error"
            }
          },
          "401" : {
            "description" : "Unauthorised - the client could not be authenticated or did not supply authentiation credentials",
            "schema" : {
              "$ref" : "#/definitions/Error"
            }
          },
          "403" : {
            "description" : "Forbidden - the client is not authorised to perform the request",
            "schema" : {
              "$ref" : "#/definitions/Error"
            }
          }
        }
      }
    },
    "/customers/corporate/{source-system-id}/{customer-id}" : {
      "get" : {
        "tags" : [ "mdm" ],
        "summary" : "Retrieve all customer details for the given customer ID and source system",
        "produces" : [ "application/json" ],
        "parameters" : [ {
          "name" : "customer-id",
          "in" : "path",
          "description" : "The customer ID as known by the source system",
          "required" : true,
          "type" : "string"
        }, {
          "name" : "source-system-id",
          "in" : "path",
          "description" : "The source system ID as known by the source system",
          "required" : true,
          "type" : "string"
        }, {
          "name" : "scope",
          "in" : "query",
          "description" : "Describes the elements of the customer to be returned.",
          "required" : false,
          "type" : "string",
          "default" : "all",
          "enum" : [ "all", "addresses", "customer", "contact-details", "contact-preferences", "roles", "relationships" ]
        } ],
        "responses" : {
          "200" : {
            "description" : "OK - successful operation",
            "schema" : {
              "$ref" : "#/definitions/CompleteCorporateCustomer"
            }
          },
          "401" : {
            "description" : "Unauthorised - Indicates that the client has not provided valid credentials and should re-request with valid credentials",
            "schema" : {
              "$ref" : "#/definitions/Error"
            }
          },
          "403" : {
            "description" : "Forbidden - the client is not authorised to perform the request",
            "schema" : {
              "$ref" : "#/definitions/Error"
            }
          },
          "404" : {
            "description" : "Not Found - the requested resource could not be found",
            "schema" : {
              "$ref" : "#/definitions/Error"
            }
          }
        }
      },
      "put" : {
        "tags" : [ "mdm" ],
        "summary" : "Create or update a customer",
        "description" : "This is an asynchronous operation that can be used to create or replace a customer record in NFUM's MDM system. This requires a full DTO. Personal and business customers details can be set, as well as contact details, roles and relationships.",
        "parameters" : [ {
          "name" : "customer-id",
          "in" : "path",
          "description" : "The customer ID as known by the source system",
          "required" : true,
          "type" : "string"
        }, {
          "name" : "source-system-id",
          "in" : "path",
          "description" : "The source system ID as known by the source system",
          "required" : true,
          "type" : "string"
        }, {
          "in" : "body",
          "name" : "payload",
          "required" : false,
          "schema" : {
            "$ref" : "#/definitions/CompleteCorporateCustomer"
          }
        } ],
        "responses" : {
          "202" : {
            "description" : "Accepted - the request has been accepted for asynchronous processing"
          },
          "400" : {
            "description" : "Bad Request - indicates that the request by the client was not processed, as the server could not understand what the client is asking for",
            "schema" : {
              "$ref" : "#/definitions/Error"
            }
          },
          "401" : {
            "description" : "Unauthorised - the client could not be authenticated or did not supply authentiation credentials",
            "schema" : {
              "$ref" : "#/definitions/Error"
            }
          },
          "403" : {
            "description" : "Forbidden - the client is not authorised to perform the request",
            "schema" : {
              "$ref" : "#/definitions/Error"
            }
          }
        }
      },
      "patch" : {
        "tags" : [ "mdm" ],
        "summary" : "Perform a partial update to a customer",
        "description" : "This is an asynchronous operation that can be used to perform a partial update to a customer record in NFUM's MDM system by sending only the properties to be modified. Personal and business customers details can be set, as well as contact details, roles and relationships.",
        "parameters" : [ {
          "name" : "customer-id",
          "in" : "path",
          "description" : "The customer ID as known by the source system",
          "required" : true,
          "type" : "string"
        }, {
          "name" : "source-system-id",
          "in" : "path",
          "description" : "The source system ID as known by the source system",
          "required" : true,
          "type" : "string"
        }, {
          "in" : "body",
          "name" : "payload",
          "required" : false,
          "schema" : {
            "$ref" : "#/definitions/CompleteCorporateCustomer"
          }
        } ],
        "responses" : {
          "202" : {
            "description" : "Accepted - the request has been accepted for asynchronous processing"
          },
          "400" : {
            "description" : "Bad Request - indicates that the request by the client was not processed, as the server could not understand what the client is asking for",
            "schema" : {
              "$ref" : "#/definitions/Error"
            }
          },
          "401" : {
            "description" : "Unauthorised - the client could not be authenticated or did not supply authentiation credentials",
            "schema" : {
              "$ref" : "#/definitions/Error"
            }
          },
          "403" : {
            "description" : "Forbidden - the client is not authorised to perform the request",
            "schema" : {
              "$ref" : "#/definitions/Error"
            }
          }
        }
      }
    }
  },
  "securityDefinitions" : {
    "OAuth2" : {
      "type" : "oauth2",
      "authorizationUrl" : "https://example.com/oauth/authorize",
      "tokenUrl" : "https://example.com/oauth/token",
      "flow" : "accessCode"
    },
    "ApiKeyAuth" : {
      "type" : "apiKey",
      "name" : "X-API-Key",
      "in" : "header"
    }
  },
  "definitions" : {
    "VerificationRequestItem" : {
      "type" : "object",
      "required" : [ "address1", "dateOfBirth", "forename", "postcode", "reference", "surname" ],
      "properties" : {
        "reference" : {
          "type" : "string",
          "example" : "CUST-1234",
          "description" : "consumer defined ID"
        },
        "resultID" : {
          "type" : "string",
          "example" : "12345",
          "description" : "A unique search ID, previously generated by the verification system"
        },
        "IDKey" : {
          "type" : "string",
          "example" : "90210",
          "description" : "A unique search ID iKey, previously generated by the system"
        },
        "forename" : {
          "type" : "string",
          "example" : "William"
        },
        "middlename" : {
          "type" : "string",
          "example" : "Richard"
        },
        "surname" : {
          "type" : "string",
          "example" : "Bloggs"
        },
        "dateOfBirth" : {
          "type" : "string",
          "format" : "date"
        },
        "address1" : {
          "type" : "string",
          "example" : "Flat 1",
          "description" : "First line of address as per Royal Mail's PAF"
        },
        "address2" : {
          "type" : "string",
          "example" : "Holly House",
          "description" : "Second line of address as per Royal Mail's PAF"
        },
        "address3" : {
          "type" : "string",
          "example" : "Oak Avenue",
          "description" : "Third line of address as per Royal Mail's PAF"
        },
        "address4" : {
          "type" : "string",
          "example" : "Biddenden",
          "description" : "Fourth line of address as per Royal Mail's PAF"
        },
        "address5" : {
          "type" : "string",
          "example" : "Ashford",
          "description" : "Fifth line of address as per Royal Mail's PAF"
        },
        "postcode" : {
          "type" : "string",
          "example" : "TN27 8BT"
        }
      },
      "example" : {
        "IDKey" : "90210",
        "resultID" : "12345",
        "address3" : "Oak Avenue",
        "address2" : "Holly House",
        "address1" : "Flat 1",
        "postcode" : "TN27 8BT",
        "middlename" : "Richard",
        "dateOfBirth" : "2000-01-23",
        "reference" : "CUST-1234",
        "forename" : "William",
        "surname" : "Bloggs",
        "address5" : "Ashford",
        "address4" : "Biddenden"
      }
    },
    "SanctionsCheckRequestItem" : {
      "type" : "object",
      "required" : [ "address1", "postcode" ],
      "properties" : {
        "forename" : {
          "type" : "string",
          "example" : "William"
        },
        "middlename" : {
          "type" : "string",
          "example" : "Richard"
        },
        "surname" : {
          "type" : "string",
          "example" : "Bloggs"
        },
        "dateOfBirth" : {
          "type" : "string",
          "format" : "date"
        },
        "gender" : {
          "type" : "string",
          "example" : "MALE",
          "description" : "Gender of the subject\n",
          "enum" : [ "NONE", "FEMALE", "MALE", "UNKNOWN" ]
        },
        "businessName" : {
          "type" : "string",
          "example" : ""
        },
        "address1" : {
          "type" : "string",
          "example" : "Flat 1",
          "description" : "First line of address as per Royal Mail's PAF"
        },
        "address2" : {
          "type" : "string",
          "example" : "Holly House",
          "description" : "Second line of address as per Royal Mail's PAF"
        },
        "address3" : {
          "type" : "string",
          "example" : "Oak Avenue",
          "description" : "Third line of address as per Royal Mail's PAF"
        },
        "address4" : {
          "type" : "string",
          "example" : "Biddenden",
          "description" : "Fourth line of address as per Royal Mail's PAF"
        },
        "address5" : {
          "type" : "string",
          "example" : "Ashford",
          "description" : "Fifth line of address as per Royal Mail's PAF"
        },
        "postcode" : {
          "type" : "string",
          "example" : "TN27 8BT"
        }
      },
      "example" : {
        "forename" : "William",
        "gender" : "MALE",
        "address3" : "Oak Avenue",
        "address2" : "Holly House",
        "surname" : "Bloggs",
        "address1" : "Flat 1",
        "businessName" : "",
        "postcode" : "TN27 8BT",
        "middlename" : "Richard",
        "dateOfBirth" : "2000-01-23",
        "address5" : "Ashford",
        "address4" : "Biddenden"
      }
    },
    "IDVerficationResponseItem" : {
      "type" : "object",
      "required" : [ "IDKey", "identityResult", "reference" ],
      "properties" : {
        "reference" : {
          "type" : "string",
          "example" : "CUST-1234",
          "description" : "consumer defined ID"
        },
        "identityResult" : {
          "type" : "string",
          "example" : "PASS",
          "description" : "Identity verification result\n  * 'PASS' -  Subject has successfully been verified\n  * 'CHECK' - Subject requires additional [manual] verification checks to be conducted\n  * 'FAIL' - Subject does not currently satisfy the required verification checks to be able to proceed\n",
          "enum" : [ "PASS", "CHECK", "FAIL" ]
        },
        "resultID" : {
          "type" : "string",
          "example" : "12345",
          "description" : "A unique search ID, automatically generated by the verification system"
        },
        "IDKey" : {
          "type" : "string",
          "example" : "90210",
          "description" : "A unique search ID iKey, automatically generated by the system"
        }
      },
      "example" : {
        "reference" : "CUST-1234",
        "IDKey" : "90210",
        "resultID" : "12345",
        "identityResult" : "PASS"
      }
    },
    "SanctionsCheckResponseItem" : {
      "type" : "object",
      "required" : [ "sanctionsResult" ],
      "properties" : {
        "sanctionsResult" : {
          "type" : "string",
          "example" : "NO HIT",
          "description" : "Sanctions screening result\n  * 'HIT' -  Subject has been found to have matched with a sanction\n  * 'NO HIT' - Subject has not been matched with any sanctions\n  * 'NA' - Sanctions screening no requested\n",
          "enum" : [ "HIT", "NO HIT", "NA" ]
        }
      },
      "example" : {
        "sanctionsResult" : "NO HIT"
      }
    },
    "ArchiveRequestItem" : {
      "type" : "object",
      "required" : [ "IDKey", "reference", "resultID" ],
      "properties" : {
        "reference" : {
          "type" : "string",
          "example" : "CUST-1234",
          "description" : "consumer defined ID"
        },
        "resultID" : {
          "type" : "string",
          "example" : "12345",
          "description" : "A unique search ID, automatically generated by the verification system"
        },
        "IDKey" : {
          "type" : "string",
          "example" : "90210",
          "description" : "A unique search ID iKey, automatically generated by the system"
        },
        "url" : {
          "type" : "string",
          "example" : "https://api.example/com/webhook/response"
        }
      },
      "example" : {
        "reference" : "CUST-1234",
        "IDKey" : "90210",
        "resultID" : "12345",
        "url" : "https://api.example/com/webhook/response"
      }
    },
    "ArchiveResponseItem" : {
      "type" : "object",
      "required" : [ "IDKey", "reference", "reportLocation", "resultID" ],
      "properties" : {
        "reference" : {
          "type" : "string",
          "example" : "CUST-1234",
          "description" : "consumer defined ID"
        },
        "resultID" : {
          "type" : "string",
          "example" : "12345",
          "description" : "A unique search ID, automatically generated by the verification system"
        },
        "IDKey" : {
          "type" : "string",
          "example" : "90210",
          "description" : "A unique search ID iKey, automatically generated by the system"
        },
        "reportLocation" : {
          "type" : "string",
          "example" : "https://api.example.com/rest/media/document/87987597349587344353"
        }
      }
    },
    "BaseCustomerObject" : {
      "type" : "object",
      "required" : [ "clientId", "clientType", "sourceSystem" ],
      "properties" : {
        "customer" : {
          "type" : "object",
          "properties" : { }
        },
        "clientId" : {
          "type" : "string",
          "example" : "12345678910",
          "maxLength" : 128
        },
        "sourceSystem" : {
          "$ref" : "#/definitions/SourceSystemID"
        },
        "clientType" : {
          "$ref" : "#/definitions/ClientType"
        },
        "status" : {
          "$ref" : "#/definitions/ClientStatus"
        },
        "effectiveDate" : {
          "type" : "string",
          "format" : "date",
          "example" : "2018-01-01"
        },
        "addresses" : {
          "$ref" : "#/definitions/AddressList"
        },
        "roles" : {
          "$ref" : "#/definitions/RoleList"
        },
        "contact-details" : {
          "$ref" : "#/definitions/Contact"
        },
        "contact-preferences" : {
          "$ref" : "#/definitions/ContactPreferences"
        },
        "relationshipList" : {
          "$ref" : "#/definitions/RelationshipList"
        },
        "financialCrimeIndicator" : {
          "type" : "boolean"
        },
        "effectiveInfo" : {
          "$ref" : "#/definitions/EffectiveInfo"
        }
      }
    },
    "CompletePersonalCustomer" : {
      "allOf" : [ {
        "$ref" : "#/definitions/BaseCustomerObject"
      }, {
        "type" : "object",
        "properties" : {
          "customer" : {
            "$ref" : "#/definitions/PersonalCustomerObject"
          }
        }
      } ],
      "description" : "A fully formed response for a personal customer"
    },
    "CompleteCorporateCustomer" : {
      "allOf" : [ {
        "$ref" : "#/definitions/BaseCustomerObject"
      }, {
        "type" : "object",
        "properties" : {
          "customer" : {
            "$ref" : "#/definitions/CorporateCustomerObject"
          }
        }
      } ],
      "description" : "A fully formed response for a corporate customer"
    },
    "SourceSystemID" : {
      "type" : "string",
      "enum" : [ "FMS", "AIA", "CLOAS", "CRM", "AIG", "WRAP" ],
      "x-enum-string" : true
    },
    "RelationshipList" : {
      "type" : "array",
      "items" : {
        "$ref" : "#/definitions/Relationship"
      }
    },
    "Relationship" : {
      "type" : "object",
      "properties" : {
        "description" : {
          "type" : "string",
          "example" : "Employer"
        },
        "clientId" : {
          "type" : "string",
          "example" : "12345678910",
          "description" : "This is the customer ID of the related customer, as known by the source system. E.g. This record is the Employer of clientId 12345678910.",
          "maxLength" : 128
        },
        "startDate" : {
          "type" : "string",
          "format" : "date",
          "example" : "2018-01-01"
        },
        "endDate" : {
          "type" : "string",
          "format" : "date",
          "example" : "2018-01-01"
        }
      }
    },
    "RoleList" : {
      "type" : "array",
      "items" : {
        "$ref" : "#/definitions/Role"
      }
    },
    "Role" : {
      "type" : "object",
      "properties" : {
        "uniqueKey" : {
          "type" : "string",
          "example" : "1",
          "maxLength" : 128
        },
        "startDate" : {
          "type" : "string",
          "format" : "date",
          "example" : "2018-01-01"
        },
        "endDate" : {
          "type" : "string",
          "format" : "date",
          "example" : "2018-01-01"
        },
        "policyNumber" : {
          "type" : "string",
          "example" : "002X5476011",
          "maxLength" : 128
        },
        "description" : {
          "type" : "string",
          "example" : "Policyholder",
          "maxLength" : 100
        }
      }
    },
    "AddressList" : {
      "type" : "object",
      "properties" : {
        "home" : {
          "$ref" : "#/definitions/Address"
        },
        "correspondence" : {
          "$ref" : "#/definitions/Address"
        },
        "secondary" : {
          "$ref" : "#/definitions/Address"
        },
        "work" : {
          "$ref" : "#/definitions/Address"
        },
        "business" : {
          "$ref" : "#/definitions/Address"
        }
      }
    },
    "Address" : {
      "type" : "object",
      "properties" : {
        "addressLine1" : {
          "type" : "string",
          "example" : "Avon House",
          "maxLength" : 100
        },
        "addressLine2" : {
          "type" : "string",
          "example" : "Ryon Hill Park",
          "maxLength" : 100
        },
        "addressLine3" : {
          "type" : "string",
          "example" : "Warwick Road",
          "maxLength" : 100
        },
        "addressLine4" : {
          "type" : "string",
          "maxLength" : 100
        },
        "town" : {
          "type" : "string",
          "example" : "Stratford-upon-Avon",
          "maxLength" : 100
        },
        "county" : {
          "type" : "string",
          "example" : "Warwickshire",
          "maxLength" : 30
        },
        "postCode" : {
          "type" : "string",
          "example" : "CV37 0UU",
          "maxLength" : 12
        },
        "careOfDetails" : {
          "type" : "string",
          "example" : "c/o NFU Mutual",
          "maxLength" : 60
        },
        "effectiveDate" : {
          "type" : "string",
          "format" : "date"
        },
        "overseasIndicator" : {
          "type" : "boolean",
          "example" : false
        },
        "goneAwayIndicator" : {
          "type" : "boolean",
          "example" : false
        }
      }
    },
    "CorporateCustomerObject" : {
      "type" : "object",
      "properties" : {
        "businessName" : {
          "type" : "string",
          "example" : "Smith & Sons",
          "maxLength" : 128
        },
        "businessContactName" : {
          "type" : "string",
          "example" : "John Smith",
          "maxLength" : 128
        },
        "companyType" : {
          "$ref" : "#/definitions/CompanyType"
        },
        "companyHouseNumber" : {
          "type" : "string",
          "example" : "12345678",
          "maxLength" : 128
        },
        "tradingName" : {
          "type" : "string",
          "example" : "Stratford Plumbing",
          "maxLength" : 128
        }
      }
    },
    "PersonalCustomerObject" : {
      "type" : "object",
      "properties" : {
        "name" : {
          "$ref" : "#/definitions/PersonalName"
        },
        "dateOfBirth" : {
          "type" : "string",
          "format" : "date",
          "example" : "1970-01-01"
        },
        "gender" : {
          "$ref" : "#/definitions/Gender"
        },
        "nationalInsuranceNumber" : {
          "type" : "string",
          "example" : "AA112233E",
          "maxLength" : 128
        }
      }
    },
    "PersonalName" : {
      "type" : "object",
      "required" : [ "degree", "forename", "middleName", "suffix", "surname", "title" ],
      "properties" : {
        "title" : {
          "type" : "string",
          "example" : "Mr",
          "maxLength" : 20
        },
        "forename" : {
          "type" : "string",
          "example" : "John",
          "maxLength" : 30
        },
        "surname" : {
          "type" : "string",
          "example" : "Smith",
          "maxLength" : 75
        },
        "middleName" : {
          "type" : "string",
          "example" : "Rupert",
          "maxLength" : 30
        },
        "suffix" : {
          "type" : "string",
          "example" : "OBE",
          "maxLength" : 10
        },
        "degree" : {
          "type" : "string",
          "example" : "III",
          "maxLength" : 10
        }
      }
    },
    "Contact" : {
      "type" : "object",
      "properties" : {
        "email" : {
          "$ref" : "#/definitions/ContactEmail"
        },
        "evening" : {
          "$ref" : "#/definitions/ContactEvening"
        },
        "mobile" : {
          "$ref" : "#/definitions/ContactMobile"
        },
        "work" : {
          "$ref" : "#/definitions/ContactWork"
        },
        "daytime" : {
          "$ref" : "#/definitions/ContactDaytime"
        }
      }
    },
    "ContactPreferences" : {
      "type" : "object",
      "properties" : {
        "email" : {
          "type" : "boolean",
          "description" : "Whether the client would like to be contacted by email"
        },
        "sms" : {
          "type" : "boolean",
          "description" : "Whether the client would like to be contacted by text message"
        },
        "post" : {
          "type" : "boolean",
          "description" : "Whether the client would like to be contacted by post"
        },
        "telephone" : {
          "type" : "boolean",
          "description" : "Whether the client would like to be contacted by telephone"
        }
      }
    },
    "CompanyType" : {
      "type" : "string",
      "enum" : [ "Limited Company", "Plc", "Partnership", "Sole Trader", "Agent", "Agent (Closed)", "Trust" ],
      "x-enum-string" : true
    },
    "Gender" : {
      "type" : "string",
      "enum" : [ "male", "female", "unknown" ],
      "x-enum-string" : true
    },
    "ClientType" : {
      "type" : "string",
      "enum" : [ "personal", "corporate" ],
      "x-enum-string" : true
    },
    "ClientStatus" : {
      "type" : "string",
      "enum" : [ "active", "cancelled", "deathNotified", "deathCertified", "purged", "suspended" ],
      "x-enum-string" : true
    },
    "AddressType" : {
      "type" : "string",
      "enum" : [ "correspondence", "business", "home", "secondary", "work" ],
      "x-enum-string" : true
    },
    "EffectiveInfo" : {
      "type" : "object",
      "properties" : {
        "effectiveDate" : {
          "type" : "string",
          "format" : "date",
          "example" : "2018-01-01"
        },
        "sequenceNumber" : {
          "type" : "integer",
          "format" : "int32",
          "default" : 0
        }
      },
      "description" : "The effective info helps to disinguish which state update is the latest"
    },
    "Error" : {
      "type" : "object",
      "required" : [ "code", "message" ],
      "properties" : {
        "code" : {
          "type" : "string",
          "example" : "10001"
        },
        "message" : {
          "type" : "string",
          "example" : "No reference supplied"
        }
      }
    },
    "ContactEmail" : {
      "type" : "object",
      "properties" : {
        "contact" : {
          "type" : "string",
          "format" : "email",
          "example" : "me@example.com",
          "maxLength" : 128
        }
      },
      "description" : "Email address"
    },
    "ContactEvening" : {
      "type" : "object",
      "properties" : {
        "contact" : {
          "type" : "string",
          "example" : "01234 567891",
          "maxLength" : 40
        }
      },
      "description" : "Evening phone number"
    },
    "ContactMobile" : {
      "type" : "object",
      "properties" : {
        "contact" : {
          "type" : "string",
          "example" : "07712 345678",
          "maxLength" : 40
        }
      },
      "description" : "Mobile phone number"
    },
    "ContactWork" : {
      "type" : "object",
      "properties" : {
        "contact" : {
          "type" : "string",
          "example" : "01234 567891",
          "maxLength" : 40
        }
      },
      "description" : "Work phone number"
    },
    "ContactDaytime" : {
      "type" : "object",
      "properties" : {
        "contact" : {
          "type" : "string",
          "example" : "01234 567891",
          "maxLength" : 40
        }
      },
      "description" : "Daytime phone number"
    }
  }
}
